Comment;Designator;Footprint;JLCPCB Part #?optional?
ECS-120-8-36-CKM-TR3;Y1;robot:XTAL_ECS-120-8-36-CKM-TR3;ECS-120-8-36-CKM-TR3
MAX6006AEUR+T;U33;easyeda2kicad:SOT-23-3_L2.9-W1.3-P0.95-LS2.4-BR;MAX6006AEUR+T
MCP6541T-I/OT;U32,U34;easyeda2kicad:SOT-23-5_L3.0-W1.7-P0.95-LS2.8-BR;MCP6541T-I/OT
TPS3808G01DBVR;U30,U31;easyeda2kicad:SOT-23-6_L2.9-W1.6-P0.95-LS2.8-BR;TPS3808G01DBVR
RP2040;U29;robot:RP2040-QFN-56;SC0914(13)
MAX77976EFD+;U28;robot:MAX77976;MAX77976EFD+
STWLC38JRM;U27;robot:BGA40C40P5X8_213X333X57;STWLC38JRM
DRV8830DRCR;U25,U26;robot:IC_DRV8830DRCR;DRV8830DRCR
W25Q128JVS;U24;robot:SOIC-8_5.23x5.23mm_P1.27mm;W25Q128JVSIQ
MAX77857BEWB+;U23;robot:WLP-35_7x5_2.828x2.028mm;MAX77857BEWB+
BQ27742YZFR-G1;U22;robot:Texas_Instruments-YZF0015-0-0-MFG;BQ27742YZFR-G1
LSF0102DCTR;U21;robot:SOP65P400X130-8N;LSF0102DCTR
AP33771DKZ-13;U20;robot:AP33771DKZ13;AP33771DKZ-13
NCP3901;U14;robot:NCP3901;NCP3901FCCT1G
TPS61253AYFFT;U13;robot:Texas_Instruments-YFF0009-BGA9C40P3X3_119X129X62;TPS61253AYFFT
TPS22950CDDCR;U12;DDC6_TEX;TPS22950CDDCR
MAX77958EWV+T;U11;robot:MAX77958EWV&plus_T;MAX77958EWV+T
TVS0500DRV;U6,U16;robot:TVS0500DRVR;TVS0500DRVR
TPD1E05U06;U4,U5,U7,U8,U9,U10,U15,U17,U18,U19;robot:TPD1E05U06DPYR;TPD1E05U06DPYR
XC6206PxxxMR;U3;Package_TO_SOT_SMD:SOT-23-3;C49195704
TPS63021DSJR;U2;robot:IC_TPS63021DSJR;C202140
AP2502KTR-G1;U1;robot:SOT95P280X145-6N;AP2502KTR-G1
SMD_0603;TP3,TP4,TP5,TP6,TP7,TP8,TP14,TP15,TP16,TP17,TP18,TP19,TP20,TP21,TP22,TP23,TP24,TP25,TP27,TP28,TP31,TP32,TP33,TP34,TP35,TP36;robot:TestPoint_SMD_0603;RCUCTE
TestPoint;TP1,TP2,TP9,TP10,TP11,TP12,TP13;robot:KEYSTONE_5002;5002
100k;TH2;robot:R_0402_1005Metric;NCU15WF104J6SRC
SW_SPST;SW1;robot:MOLEX_picoblade_SMT_2pin;533980271
PTS815 SJM 250 SMTR LFS;S4;robot:SW4_PTS815 SJM 250 SMTR LFS_CNK;PTS815 SJM 250 SMTR LFS
JS202011JCQN;S1,S2;robot:SW_JS202011JCQN;JS202011JCQN
412kΩ;R131;easyeda2kicad:R0402;0402WGF4123TCE
5.76MΩ;R130;easyeda2kicad:R0603;0603WAF5904T5E
100KΩ;R129,R132;easyeda2kicad:R0603;0603WAF1003T5E
348KΩ;R128;easyeda2kicad:R0603;0603WAF3483T5E
1.1MΩ;R125;easyeda2kicad:R0402;0402WGF1104TCE
2.7Ω;R124;easyeda2kicad:R2512;FRC2512F2R70TS
100k;R119,R121,R134;robot:R_0402_1005Metric;0402WGF1003TCE
422k;R116;robot:R_0603_1608Metric;RT0603BRD07422KL
27;R114,R115;robot:R_0402_1005Metric;RMCF0402JT27R0
0.39;R94,R95;robot:R_0603_1608Metric;ERJ-3RQJR39V
6.8k;R87;robot:R_0402_1005Metric;RC0402FR-136K8L
220k;R86;robot:R_0402_1005Metric;RC0402FR-07220KL
150k;R84;robot:R_0402_1005Metric;RC0402FR-13150KL
10k;R83,R89,R93,R102,R135,R136;robot:R_0603_1608Metric;WR06X1002FTL
0402WGJ0474TCE;R82,R133;easyeda2kicad:R0402;0402WGJ0474TCE
2k;R81;robot:R_0603_1608Metric;RMCF0603FT2K00
1k;R79,R80,R88,R101,R104;robot:R_0402_1005Metric;WR04X102 JTL
5m;R76;robot:R_0805_2012Metric;PA0805FRF470R005L
200;R75,R77,R111,R112;robot:R_0603_1608Metric;ERJ-PA3J201V
5.1k;R64,R65;robot:R_0603_1608Metric;RMCF0603JT5K10
16k;R63;robot:R_0603_1608Metric;RMCF0603FT16K0
10m;R57;robot:R_1206_3216Metric;ERJ-8CWJR010V
100;R56,R59,R103;robot:R_0603_1608Metric;RMCF0603JT100R
47K;R55,R78;robot:R_0603_1608Metric;RMCF0603JT47K0
1M;R53;robot:R_0603_1608Metric;FRC0603F1004TS
200k;R49,R66;robot:R_0603_1608Metric;RMCF0603JT200K
100k;R46,R54,R58,R60,R61,R85,R96,R110,R117;robot:R_0603_1608Metric;WR06X1003FTL
100;R42;robot:R_0402_1005Metric;RC0402FR-07100RL
422;R41;robot:R_0402_1005Metric;RC0402FR-07422RL
649k;R32,R34;robot:R_0603_1608Metric;ERJ-3EKF6493V
120k;R31,R33;robot:R_0603_1608Metric;RMCF0603JT120K
2.2k;R6,R7,R43,R44,R71,R72;robot:R_0603_1608Metric;RMCF0603JT2K20
0,S0;R5,R8,R11,R14,R15,R18,R22,R23,R26,R27,R28,R29,R30,R35,R39,R48,R50,R51,R52,R69,R70,R73,R74,R97,R98,R99,R100,R105,R106,R108,R109,R122,R123;robot:R_0603_1608Metric,robot:R_0603_1608Metric_3pin_Switch;RMCF0603ZT0R00
10;R3,R4,R37,R38,R67,R68;robot:R_0402_1005Metric;RC0402FR-1310RL
0;R1,R2,R9,R10,R12,R13,R19,R20,R21,R24,R25,R40,R45;robot:R_0805_2012Metric;RMCF0805ZT0R00
AO3400A;Q7;easyeda2kicad:SOT-23-3_L2.9-W1.3-P1.90-LS2.4-BR;AO3400A
SN74AHC125RGYR;Q6;robot:SN74AHC125RGYR;SN74AHC125RGYR
EFC8811R-TF;Q5;robot:ON_Semiconductor-568AL-10_2013-O-MFG;EFC8811R-TF
YJL3416A;Q3;robot:SOT-23;YJL3416A
AS2312;Q2;robot:SOT-23;AS2312
Q_NMOS_GDS;Q1,Q4;robot:SOT-23;BSS138
0.47uH;L2,L5;robot:Vishay-IHLP-2020BZ-FP_1.905x2.79-3D_2.0-0-0-MFG;IHLP2020BZERR47M01
1.5uH;L1,L3;robot:NRS6028T1R5NMGJ;NRS6028T1R5NMGJ
Conn_01x05;J9;robot:PinSocket_1x05_P2.54mm_Vertical;PH1-05-UA
Conn_01x06_MountingPin;J6,J7;robot:CONN_B6B-ZR-SM4-TF_JST;B6B-ZR-SM4-TF
USBC_Receptacle_SMD_RA;J3;robot:CON_USB3.1-C_RCPT_SMD_RA_ACP_12401610E4#2A;12401610E4#2A
USB4151-GF-C;J1;robot:GCT_USB4151-GF-C_REVA;USB4151-GF-C
TPS22998RYZR;IC1;robot:TPS22998RYZR;TPS22998RYZR
SMF13A;D8,D9,D10;robot:D_SOD-123F;SMF13A
D_Schottky;D7;robot:SD2114S040S8R0;SD2114S040S8R0
LED-RED;D6;robot:B12H1UYG-20D000134U1930;B12H1USD-20D000234U1930
IN4448HLP;D4,D5,D11,D12;robot:D_0402_1005Metric;1N4448HLP-7
LED-Amber;D3;robot:B12H1UYG-20D000134U1930;B12H1UY--20D000134U1930
LED-GREEN;D2;robot:B12H1UYG-20D000134U1930;B12H1NG--20D000134U1930
LED-YG;D1;robot:B12H1UYG-20D000134U1930;B12H1UYG-20D000134U1930
APXK160ARA101MF611;C132,C134;easyeda2kicad:CAP-SMD_BD6.3-L6.6-W6.6-FD;APXK160ARA101MF611
100uF;C118;robot:C_1210_3225Metric;GMC32X5R107M16NT
47uF;C113;robot:C_0805_2012Metric;CL21A476MRYNNNE
47nF;C88,C95;robot:C_0402_1005Metric;GRM155R71H473KE14D
10nF;C73,C79;robot:C_0402_1005Metric;8.85E+11
0.1uF;C70,C72,C76,C80,C84;robot:C_0402_1005Metric;GRM155R62A104KE14D
100uF;C69,C92,C94,C103,C116,C122;robot:C_1206_3216Metric,robot:C_1210_3225Metric;GRM31CD80J107MEA8K
3.3nF;C64,C85;robot:C_0402_1005Metric;GCM155R71H332KA37J
1.5nF;C63;robot:C_0402_1005Metric;GCM155R71H152KA37D
22nF;C62,C78,C81;robot:C_0402_1005Metric;GRM155R71H223KA12J
0.22uF;C46,C48;robot:C_0603_1608Metric;CL10B224KA8NNNC
0.47uF;C36,C40;robot:C_0603_1608Metric;CL10B474KO8NNNC
2.2uF;C15,C43;robot:C_0603_1608Metric;CL10A225KP8NNNC
27pF;C11,C12,C26,C27,C66,C67;robot:C_0402_1005Metric;GRM1555C1H270JA01J
4.7uF;C10,C21,C22,C25,C91;robot:C_0603_1608Metric;GRM188R61E475KE11D
1uF;C8,C9,C13,C14,C16,C17,C18,C19,C20,C23,C24,C32,C34,C41,C68,C93,C97,C112;robot:C_0402_1005Metric;GRM155R61E105KA12D
0.1uF;C4,C29,C30,C31,C33,C35,C37,C42,C44,C45,C47,C49,C50,C51,C53,C54,C71,C74,C75,C77,C82,C83,C89,C90,C96,C111,C115,C117,C119,C120,C123,C124,C125,C127,C128,C131,C136;robot:C_0402_1005Metric;CL05A104KA5NNNC
10uF;C2,C3,C28,C38,C39,C61,C65,C86,C87,C98,C99,C100,C102,C104,C108,C109,C114,C126;robot:C_0603_1608Metric;GRM188R61E106KA73J
22uF;C1,C5,C6,C7,C52,C55,C101,C105;robot:C_0603_1608Metric;GRM188R61A226ME15D
