"Reference";"Qty";"Part Number";"Value";"DNP";"Exclude from BOM";"Exclude from Board";"Footprint";"Manufacturer"
"BT1";"1";"a15042300ux0145";"DNP";"DNP";"";"";"robot:battery26650_holderOnly";"Uxcell"
"BT2";"1";"26650-5000-1";"DNP";"DNP";"";"";"robot:battery26650";"Suprise Collection"
"C1,C33,C34,C76,C78,C87,C93";"7";"GRM188R61A226ME15D";"22uF";"";"";"";"robot:C_0603_1608Metric";"Murata"
"C2,C3,C18,C19";"4";"GRM1555C1H270JA01J";"27pF";"";"";"";"robot:C_0402_1005Metric";"Murata"
"C4,C8,C10,C21,C22,C29,C55,C69,C88,C94,C95,C105,C126";"13";"GRM155R61E105KA12D";"1uF";"";"";"";"robot:C_0402_1005Metric";"Murata"
"C5,C6,C7,C9,C11,C12,C13,C14,C15,C16,C24,C32,C35,C36,C37,C38,C39,C40,C41,C44,C57,C58,C59,C60,C61,C62,C63,C64,C65,C66,C70,C71,C72,C73,C85,C92,C102,C103,C104";"39";"CL05A104KA5NNNC";"0.1uF";"";"";"";"robot:C_0402_1005Metric";"Samsung"
"C17,C20,C25,C27,C42,C43,C67,C68,C75,C77,C80,C129,C130,C132,C134,C136";"16";"GRM188R61E106KA73J";"10uF";"";"";"";"robot:C_0603_1608Metric";"Murata"
"C23,C124";"2";"GRM188R61E475KE11D";"4.7uF";"";"";"";"robot:C_0603_1608Metric";"Murata"
"C26,C56";"2";"CL10B474KO8NNNC";"0.47uF";"";"";"";"robot:C_0603_1608Metric";"Samsung"
"C28";"1";"CL10A225KP8NNNC";"2.2uF";"";"";"";"robot:C_0603_1608Metric";"Samsung"
"C30,C31";"2";"CL10B224KA8NNNC";"0.22uF";"";"";"";"robot:C_0603_1608Metric";"Samsung"
"C74,C86,C89,C90";"4";"GRM31CD80J107MEA8K";"100uF";"DNP";"";"";"robot:CP_Elec_APXJ100ARA271MF61G";"Murata"
"C79,C91,C96,C106,C107,C108";"6";"GRM31CD80J107MEA8K";"100uF";"DNP";"";"";"robot:C_1206_3216Metric";"Murata"
"C81";"1";"CL21A476MRYNNNE";"47uF";"";"";"";"robot:C_0805_2012Metric";"Samsung Electro-Mechanics"
"C82,C83,C109,C125,C127";"5";"GRM31CD80J107MEA8K";"100uF";"";"";"";"robot:C_1206_3216Metric";"Murata"
"C84,C115,C118";"3";"885012205067";"10nF";"";"";"";"robot:C_0402_1005Metric";"Würth Elektronik"
"C99";"1";"GRM155R61E105KA12D";"1uF";"DNP";"";"";"robot:C_0402_1005Metric";"Murata"
"C110,C117,C120";"3";"GRM155R71H223KA12J";"22nF";"";"";"";"robot:C_0402_1005Metric";"Murata"
"C111";"1";"GCM155R71H152KA37D";"1.5nF";"";"";"";"robot:C_0402_1005Metric";"Murata"
"C112,C122";"2";"GCM155R71H332KA37J";"3.3nF";"";"";"";"robot:C_0402_1005Metric";"Murata"
"C113,C114,C116,C119,C121";"5";"GRM155R62A104KE14D";"0.1uF";"";"";"";"robot:C_0402_1005Metric";"Murata"
"C123,C128";"2";"GRM155R71H473KE14D";"47nF";"";"";"";"robot:C_0402_1005Metric";"Murata"
"C131";"1";"GRM31CD80J107MEA8K";"100uF";"";"";"";"robot:C_1210_3225Metric";"Murata"
"C133,C135,C138";"3";"GMC32X5R107M16NT";"100uF";"DNP";"";"";"robot:C_1210_3225Metric";"Cal-Chip Electronics, Inc."
"C137";"1";"GMC32X5R107M16NT";"100uF";"";"";"";"robot:C_1210_3225Metric";"Cal-Chip Electronics, Inc."
"D1";"1";"B12H1USD-20D000234U1930";"LED-RED";"";"";"";"robot:B12H1UYG-20D000134U1930";"Harvatek Corporation"
"D2";"1";"B12H1UYG-20D000134U1930";"LED-YG";"";"";"";"robot:B12H1UYG-20D000134U1930";"Harvatek Corporation"
"D3";"1";"B12H1UY--20D000134U1930";"LED-Amber";"";"";"";"robot:B12H1UYG-20D000134U1930";"Harvatek Corporation"
"D4,D6,D10";"3";"SMF13A";"SMF13A";"";"";"";"robot:D_SOD-123F";"Littelfuse Inc."
"D5";"1";"B12H1NG--20D000134U1930";"LED-GREEN";"";"";"";"robot:B12H1UYG-20D000134U1930";"Harvatek Corporation"
"D7";"1";"SD2114S040S8R0";"D_Schottky";"";"";"";"robot:SD2114S040S8R0";"KYOCERA AVX"
"D9,D11";"2";"1N4448HLP-7";"IN4448HLP";"";"";"";"robot:D_0402_1005Metric";"Diodes Incorporated"
"H1,H2,H5,H6";"4";"N/A";"MountingHole";"";"Excluded from BOM";"";"robot:MountingHole_2.2mm_M2_2mm_clearance";"N/A"
"H3,H4";"2";"N/A";"MountingHole";"";"Excluded from BOM";"";"robot:MountingHole_2.2mm_M2";"N/A"
"IC1";"1";"TPS22998RYZR";"TPS22998RYZR";"";"";"";"robot:TPS22998RYZR";"Texas Instruments"
"J1";"1";"12401610E4#2A";"USBC_Receptacle_SMD_RA";"";"";"";"robot:CON_USB3.1-C_RCPT_SMD_RA_ACP_12401610E4#2A";"Amphenol Commercial Products"
"J2";"1";"PH1-05-UA";"Conn_01x05";"";"";"";"robot:PinSocket_1x05_P2.54mm_Vertical";"Adam Tech"
"J3,J5";"2";"B6B-ZR-SM4-TF";"Conn_01x06_MountingPin";"";"";"";"robot:CONN_B6B-ZR-SM4-TF_JST";"JST"
"J6,J7";"2";"A06ZR06ZR28H51B";"MotorCable";"DNP";"";"Excluded from board";"";"JST"
"J8";"1";"N/A";"Conn_01x02";"";"Excluded from BOM";"";"robot:THT_Pitch5mm_Drill1.2mm";"N/A"
"J9";"1";"";"Conn_01x16";"";"";"";"robot:SMD FOR CASTELLATED 1x16 2.54mm";""
"L1,L3";"2";"NRS6028T1R5NMGJ";"1.5uH";"";"";"";"robot:NRS6028T1R5NMGJ";"TAIYO YUDEN"
"L2";"1";"IHLP2020BZERR47M01";"0.47uH";"";"";"";"robot:Vishay-IHLP-2020BZ-FP_1.905x2.79-3D_2.0-0-0-MFG";"Vishay"
"L5";"1";"760308102207";"8uH";"DNP";"";"Excluded from board";"";"Würth Elektronik"
"M1,M2";"2";"4639";"~";"DNP";"";"Excluded from board";"";"Adafruit"
"NT1,NT2,NT3,NT4,NT5,NT6,NT7,NT8,NT9,NT10,NT11,NT12,NT13,NT14,NT15,NT16,NT17,NT18,NT20";"19";"N/A";"NetTie_2";"";"Excluded from BOM";"";"robot:NetTie-_SMD_Pad6mil";"N/A"
"Q1,Q7";"2";"BSS138";"Q_NMOS_GDS";"";"";"";"robot:SOT-23";"ANBON SEMICONDUCTOR (INT'L) LIMITED"
"Q2";"1";"EFC8811R-TF";"EFC8811R-TF";"";"";"";"robot:ON_Semiconductor-568AL-10_2013-O-MFG";"ON Semiconductor"
"Q3";"1";"AS2312";"AS2312";"";"";"";"robot:SOT-23";"ANBON SEMICONDUCTOR (INT'L) LIMITED"
"Q4";"1";"YJL3416A";"YJL3416A";"";"";"";"robot:SOT-23";"Yangjie Electronic Technology "
"Q5,Q6";"2";"SN74AHC125RGYR";"SN74AHC125RGYR";"";"";"";"robot:SN74AHC125RGYR";"Texas Instruments"
"R1,R5,R46,R47,R50";"5";"WR04X102 JTL";"1k";"";"";"";"robot:R_0402_1005Metric";"Walsin Technologies"
"R2";"1";"DNP";"DNP";"DNP";"Excluded from BOM";"";"robot:R_0402_1005Metric";"DNP"
"R3,R4";"2";"RMCF0402JT27R0";"27";"";"";"";"robot:R_0402_1005Metric";"Stackpole Electronics"
"R6,R7,R41,R42";"4";"RC0402FR-1310RL";"10";"";"";"";"robot:R_0402_1005Metric";"Yageo"
"R8,R18";"2";"RMCF0603JT47K0";"47K";"";"";"";"robot:R_0603_1608Metric";"Stackpole Electronics"
"R9";"1";"RMCF0402FT80K6";"80.6k";"";"";"";"robot:R_0402_1005Metric";"Stackpole Electronics"
"R10,R80,R81";"3";"RMCF0603ZT0R00";"0";"DNP";"";"";"robot:R_0603_1608Metric";"Stackpole Electronics"
"R11,R52,R54,R67,R68,R69,R70,R71,R72,R77,R78";"11";"RMCF0805ZT0R00";"0";"";"";"";"robot:R_0805_2012Metric";"Stackpole Electronics"
"R14,R15,R20,R21";"4";"RMCF0603JT2K20";"2.2k";"";"";"";"robot:R_0603_1608Metric";"Stackpole Electronics"
"R16";"1";"RMCF0603JT510K";"510k";"";"";"";"robot:R_0603_1608Metric";"Stackpole Electronics"
"R17,R49,R59,R60,R61,R89,R99";"7";"WR06X1003FTL";"100k";"";"";"";"robot:R_0603_1608Metric";"Walsin Technology"
"R19";"1";"RMCF0603JT200K";"200k";"";"";"";"robot:R_0603_1608Metric";"Stackpole Electronics"
"R22,R23,R24,R25,R56,R58,R97";"7";"RMCF0603JT100R";"100";"";"";"";"robot:R_0603_1608Metric";"Stackpole Electronics"
"R26,R27";"2";"ERJ-3RQJR39V";"0.39";"DNP";"";"";"robot:R_0603_1608Metric";"Panasonic"
"R28,R31,R96,R102";"4";"WR06X1002FTL";"10k";"";"";"";"robot:R_0603_1608Metric";"Walsin Technology"
"R29,R30";"2";"ERJ-3RQJR39V";"0.39";"";"";"";"robot:R_0603_1608Metric";"Panasonic"
"R43,R45,R103,R104";"4";"ERJ-PA3J201V";"200";"";"";"";"robot:R_0603_1608Metric";"Panasonic"
"R44";"1";"PA0805FRF470R005L";"5m";"";"";"";"robot:R_0805_2012Metric";"Yageo"
"R48";"1";"RMCF0603FT2K00";"2k";"";"";"";"robot:R_0603_1608Metric";"Stackpole Electronics"
"R51";"1";"ERJ-8CWJR010V";"10m";"";"";"";"robot:R_1206_3216Metric";"Panasonic"
"R53";"1";"RMCF0603FT113K";"113K";"";"";"";"robot:R_0603_1608Metric";"Stackpole Electronics"
"R55";"1";"RMCF0603FT14K0";"14k";"";"";"";"robot:R_0603_1608Metric";"Stackpole Electronics"
"R62";"1";"RMCF0603FT16K0";"16k";"";"";"";"robot:R_0603_1608Metric";"Stackpole Electronics"
"R63,R64";"2";"RMCF0603JT5K10";"5.1k";"";"";"";"robot:R_0603_1608Metric";"Stackpole Electronics"
"R66";"1";"DNP";"DNP";"DNP";"Excluded from BOM";"";"robot:R_0603_1608Metric";"DNP"
"R76,R79,R82,R83,R84,R85,R86,R87,R88,R90,R91,R92,R93,R94";"14";"RMCF0603ZT0R00";"0";"";"";"";"robot:R_0603_1608Metric";"Stackpole Electronics"
"R98";"1";"RC0402FR-13150KL";"150k";"";"";"";"robot:R_0402_1005Metric";"YAGEO"
"R100";"1";"RC0402FR-07220KL";"220k";"";"";"";"robot:R_0402_1005Metric";"YAGEO"
"R101";"1";"RC0402FR-136K8L";"6.8k";"";"";"";"robot:R_0402_1005Metric";"YAGEO"
"R105";"1";"ERJ-PA3J201V";"200";"DNP";"";"";"robot:R_0603_1608Metric";"Panasonic"
"S1";"1";"SW-R3-1A-A-1-2";"~";"DNP";"";"Excluded from board";"";"Adam Tech"
"S2";"1";"PTS815 SJM 250 SMTR LFS";"PTS815 SJM 250 SMTR LFS";"";"";"";"robot:SW4_PTS815 SJM 250 SMTR LFS_CNK";"C&K"
"S3";"1";"JS202011JCQN";"JS202011JCQN";"";"";"";"robot:SW_JS202011JCQN";"C&K"
"SW1";"1";"0533980271";"SW_SPST";"";"";"";"robot:MOLEX_picoblade_SMT_2pin";"Molex"
"TH1";"1";"103AT-5-1P-FT";"DNP";"DNP";"";"";"robot:battery26650_thermistor";"Semitec"
"TH2";"1";"NCU15WF104J6SRC";"100k";"";"";"";"robot:R_0402_1005Metric";"Murata"
"TP1,TP2,TP9,TP10,TP11,TP16,TP17,TP18,TP19,TP20,TP21,TP22,TP23,TP24,TP26,TP27,TP33";"17";"RCUCTE";"SMD_0603";"";"";"";"robot:TestPoint_SMD_0603";"KOA Speer Electronics, Inc."
"TP12";"1";"N/A";"TP2PinPads";"";"Excluded from BOM";"";"robot:TestPoint_2Pads_Pitch2mm_SMD";"N/A"
"TP28,TP29";"2";"N/A";"TestPoint";"";"Excluded from BOM";"";"robot:THT_JumperLead";"N/A"
"TP30,TP34,TP39,TP40,TP41,TP42,TP43";"7";"5002";"TestPoint";"";"";"";"robot:KEYSTONE_5002";"Keystone Electronics"
"U1";"1";"STWLC38JRM";"STWLC38JRM";"";"";"";"robot:BGA40C40P5X8_213X333X57";"STMicroelectronics"
"U2";"1";"W25Q128JVSIQ";"W25Q128JVS";"";"";"";"robot:SOIC-8_5.23x5.23mm_P1.27mm";"Winbond"
"U3";"1";"SC0914(13)";"RP2040";"";"";"";"robot:RP2040-QFN-56";"Raspberry Pi"
"U4";"1";"NCP3901FCCT1G";"NCP3901";"";"";"";"robot:NCP3901";"onsemi"
"U5";"1";"LSF0102DCTR";"LSF0102DCTR";"";"";"";"robot:SOP65P400X130-8N";"Texas Instruments"
"U6";"1";"MAX77857BEWB+";"MAX77857BEWB+";"";"";"";"robot:WLP-35_7x5_2.828x2.028mm";"Maxim"
"U7";"1";"AP2502KTR-G1";"AP2502KTR-G1";"";"";"";"robot:SOT95P280X145-6N";"Diodes Inc."
"U8,U9";"2";"DRV8830DRCR";"DRV8830DRCR";"";"";"";"robot:IC_DRV8830DRCR";"Texas Instruments"
"U12";"1";"BQ27742YZFR-G1";"BQ27742YZFR-G1";"";"";"";"robot:Texas_Instruments-YZF0015-0-0-MFG";"Texas Instruments"
"U13";"1";"MAX77976EFD+";"MAX77976EFD+";"";"";"";"robot:MAX77976";"Maxim"
"U14";"1";"MAX77642ANA+";"MAX77642ANA+";"";"";"";"robot:Maxim-N252B2-1-0-A-MFG";"Maxim"
"U18";"1";"AP33771DKZ-13";"AP33771DKZ-13";"";"";"";"robot:AP33771DKZ13";"Diodes Inc."
"U25";"1";"TVS0500DRVR";"TVS0500DRV";"";"";"";"robot:TVS0500DRVR";"Texas Instruments"
"U26,U27,U28,U29";"4";"TPD1E05U06DPYR";"TPD1E05U06";"";"";"";"robot:TPD1E05U06DPYR";"Texas Instruments"
"W1,W2";"2";"4939";"~";"DNP";"";"Excluded from board";"";"Pololu"
"Y1";"1";"ECS-120-8-36-CKM-TR3";"ECS-120-8-36-CKM-TR3";"";"";"";"robot:XTAL_ECS-120-8-36-CKM-TR3";"ECS Inc."
